<?xml version="1.0" encoding="UTF-8" ?>
<!DOCTYPE mapper
        PUBLIC "-//mybatis.org//DTD Mapper 3.0//EN"
        "http://mybatis.org/dtd/mybatis-3-mapper.dtd">
<mapper namespace="jmu.yoo.mapper.MemberDAO">

    <select id="selectAllMemberByCId" parameterType="java.lang.Integer" resultType="jmu.yoo.vo.Member">
        select mId,mName,mPhone,mSex,mAge,mHouseNumber,mWorkUnit,mCarNumber,mIsHousehold,cId from members where cId=#{cId};
    </select>

    <insert id="insertMember" parameterType="jmu.yoo.vo.Member" >
        insert into members(mName,mPhone,mSex,mAge,mHouseNumber,mWorkUnit,mCarNumber,mIsHousehold,cId)values ( #{mName},#{mPhone},#{mSex},#{mAge},#{mHouseNumber},#{mWorkUnit},#{mCarNumber},#{mIsHousehold},#{cId});
    </insert>
    <select id="selectMemberByMName" parameterType="java.lang.String" resultType="jmu.yoo.vo.Member">
        select mId,mName,mPhone,mSex,mAge,mHouseNumber,mWorkUnit,mCarNumber,mIsHousehold,cId from members where mName=#{mName};
    </select>

    <select id="selectMemberByMId" resultType="jmu.yoo.vo.Member">
        select mId,mName,mPhone,mSex,mAge,mHouseNumber,mWorkUnit,mCarNumber,mIsHousehold,cId from members where mId=#{mId};
    </select>
    <update id="updateMember" parameterType="jmu.yoo.vo.Member">
        update members set mName=#{mName},mPhone=#{mPhone},mSex=#{mSex},mAge=#{mAge},mHouseNumber=#{mHouseNumber},mWorkUnit=#{mWorkUnit},mCarNumber=#{mCarNumber},mIsHousehold=#{mIsHousehold} where mId=#{mId};
    </update>

    <delete id="deleteMember" parameterType="int">
        delete from members where mId=#{mId};
    </delete>
    <delete id="deleteMemberByCId" parameterType="int">
        delete from members where cId=#{cId};
    </delete>
</mapper>